[{"pk": 1, "model": "diagnosticos.categoria", "fields": {"nome": "1. Identifica\u00e7\u00e3o da Casa Legisltaiva"}}, {"pk": 2, "model": "diagnosticos.categoria", "fields": {"nome": "2. Identifica\u00e7\u00e3o de Compet\u00eancias"}}, {"pk": 3, "model": "diagnosticos.categoria", "fields": {"nome": "3. Levantamento de Infraestrutura F\u00edsica"}}, {"pk": 4, "model": "diagnosticos.categoria", "fields": {"nome": "4. Levantamento de Estrutura de TI"}}, {"pk": 5, "model": "diagnosticos.categoria", "fields": {"nome": "5. Organiza\u00e7\u00e3o do Processo Legislativo"}}, {"pk": 6, "model": "diagnosticos.categoria", "fields": {"nome": "6. Estrutura de Comunica\u00e7\u00e3o"}}, {"pk": 7, "model": "diagnosticos.categoria", "fields": {"nome": "7. Estrutura de Recursos Humanos"}}, {"pk": 8, "model": "diagnosticos.categoria", "fields": {"nome": "8. An\u00e1lise da Produ\u00e7\u00e3o Legislativa"}}, {"pk": 9, "model": "diagnosticos.categoria", "fields": {"nome": "9. Levantamento de Ferramentas de Gest\u00e3o"}}, {"pk": 10, "model": "diagnosticos.categoria", "fields": {"nome": "10. Considera\u00e7\u00f5es e Sugest\u00f5es"}}, {"pk": 11, "model": "diagnosticos.categoria", "fields": {"nome": "11. Anexos"}}, {"pk": 8, "model": "diagnosticos.pergunta", "fields": {"categoria": 4, "sortable": false, "name": "existe_projeto_em_tramitacao_ou_decisao_para_mud", "title": "4. Existe projeto (em tramita\u00e7\u00e3o) ou decis\u00e3o para a mudan\u00e7a de sede da C\u00e2mara Municipal nos pr\u00f3ximos", "datatype": "many", "required": false, "searched": false, "help_text": "", "filtered": false}}, {"pk": 4, "model": "diagnosticos.pergunta", "fields": {"categoria": 3, "sortable": false, "name": "o_imovel_onde_funciona_camara_municipal_e_tombad", "title": "02. O im\u00f3vel onde funciona a C\u00e2mara Municipal \u00e9 tombado pelo patrim\u00f4nio hist\u00f3rico?", "datatype": "many", "required": false, "searched": false, "help_text": "", "filtered": false}}, {"pk": 36, "model": "diagnosticos.pergunta", "fields": {"categoria": 3, "sortable": false, "name": "qual_data_da_ultima_atualizacao_da_lei_organica_", "title": "9. Qual a data da \u00faltima atualiza\u00e7\u00e3o da LEI ORG\u00c2NICA MUNICIAL da C\u00e2mara Municipal (anexar c\u00f3pia impr", "datatype": "text", "required": false, "searched": false, "help_text": "", "filtered": false}}, {"pk": 37, "model": "diagnosticos.pergunta", "fields": {"categoria": 3, "sortable": false, "name": "qual_data_da_ultima_atualizacao_do_regimento_in", "title": " 10. Qual a data da \u00faltima atualiza\u00e7\u00e3o do REGIMENTO INTERNO da C\u00e2mara Municipal (anexar c\u00f3pia impres", "datatype": "text", "required": false, "searched": false, "help_text": "", "filtered": false}}, {"pk": 40, "model": "diagnosticos.pergunta", "fields": {"categoria": 3, "sortable": false, "name": "camara_municipal_deseja_receber_consultoria_do_", "title": " 13. A C\u00e2mara Municipal deseja receber consultoria do Interlegis para a revis\u00e3o/atualiza\u00e7\u00e3o do Regim", "datatype": "many", "required": false, "searched": false, "help_text": "", "filtered": false}}, {"pk": 42, "model": "diagnosticos.pergunta", "fields": {"categoria": 5, "sortable": false, "name": "o_processo_de_aprovacao_e_de_fiscalizacao_do_or", "title": " 16. O processo de aprova\u00e7\u00e3o e de fiscaliza\u00e7\u00e3o do or\u00e7amento municipal \u00e9 normatizado?", "datatype": "many", "required": false, "searched": false, "help_text": "", "filtered": false}}, {"pk": 31, "model": "diagnosticos.pergunta", "fields": {"categoria": 3, "sortable": false, "name": "e_mantido_registro_da_tramitacao_encaminhamentos", "title": "4. \u00c9 mantido registro da tramita\u00e7\u00e3o (encaminhamentos, vota\u00e7\u00f5es, discuss\u00f5es, emendas etc.) das propos", "datatype": "many", "required": false, "searched": false, "help_text": "", "filtered": false}}, {"pk": 47, "model": "diagnosticos.pergunta", "fields": {"categoria": 5, "sortable": false, "name": "camara_municipal_deseja_receber_consultoria_do_", "title": "14. A C\u00e2mara Municipal deseja receber consultoria do Interlegis para a revis\u00e3o/atualiza\u00e7\u00e3o da Lei Or", "datatype": "many", "required": false, "searched": false, "help_text": "", "filtered": false}}, {"pk": 46, "model": "diagnosticos.pergunta", "fields": {"categoria": 5, "sortable": false, "name": "se_sim_organizacao_da_biblioteca_legislativa_e", "title": "07.1 A organiza\u00e7\u00e3o da Biblioteca Legislativa \u00e9", "datatype": "many", "required": false, "searched": false, "help_text": "", "filtered": false}}, {"pk": 45, "model": "diagnosticos.pergunta", "fields": {"categoria": 5, "sortable": false, "name": "se_sim_organizacao_do_arquivo_e", "title": "05.1 A organiza\u00e7\u00e3o do arquivo \u00e9", "datatype": "many", "required": false, "searched": false, "help_text": "", "filtered": false}}, {"pk": 38, "model": "diagnosticos.pergunta", "fields": {"categoria": 5, "sortable": false, "name": "de_que_forma_camara_resolve_duvidas_na_aplicaca", "title": "11. De que forma a C\u00e2mara resolve d\u00favidas na aplica\u00e7\u00e3o do Regimento Interno:", "datatype": "many", "required": false, "searched": false, "help_text": "", "filtered": false}}, {"pk": 35, "model": "diagnosticos.pergunta", "fields": {"categoria": 5, "sortable": false, "name": "ha_quadro_de_pessoal_especifico_para_trabalhos_d", "title": "08. H\u00e1 quadro de pessoal espec\u00edfico para trabalhos da biblioteca legislativa?", "datatype": "many", "required": false, "searched": false, "help_text": "", "filtered": false}}, {"pk": 34, "model": "diagnosticos.pergunta", "fields": {"categoria": 5, "sortable": false, "name": "camara_possui_uma_biblioteca_legislativa", "title": "07. A C\u00e2mara possui uma Biblioteca Legislativa?", "datatype": "many", "required": false, "searched": false, "help_text": "", "filtered": false}}, {"pk": 33, "model": "diagnosticos.pergunta", "fields": {"categoria": 5, "sortable": false, "name": "ha_quadro_de_pessoal_especifico_para_trabalhos_d", "title": "06. H\u00e1 quadro de pessoal espec\u00edfico para trabalhos do arquivo?", "datatype": "many", "required": false, "searched": false, "help_text": "", "filtered": false}}, {"pk": 48, "model": "diagnosticos.pergunta", "fields": {"categoria": 6, "sortable": false, "name": "camara_municipal_possui_area_estruturada_de_com", "title": "01. A C\u00e2mara Municipal possui \u00e1rea ESTRUTURADA DE comunica\u00e7\u00e3o? ", "datatype": "many", "required": false, "searched": false, "help_text": "", "filtered": false}}, {"pk": 32, "model": "diagnosticos.pergunta", "fields": {"categoria": 5, "sortable": false, "name": "camara_municipal_conta_com_uma_area_especifica_d", "title": "05. A C\u00e2mara Municipal conta com uma \u00e1rea espec\u00edfica de arquivo?", "datatype": "many", "required": false, "searched": false, "help_text": "", "filtered": false}}, {"pk": 30, "model": "diagnosticos.pergunta", "fields": {"categoria": 5, "sortable": false, "name": "camara_municipal_possui_comissoes_ou_conselhos_p", "title": "03. A C\u00e2mara Municipal possui as Comiss\u00f5es ou Conselhos para debater os seguintes temas:", "datatype": "many", "required": false, "searched": false, "help_text": "", "filtered": false}}, {"pk": 27, "model": "diagnosticos.pergunta", "fields": {"categoria": 5, "sortable": false, "name": "onde_se_inicia_o_registro_do_processo_legislativ", "title": "01. Onde se inicia o registro do Processo Legislativo na C\u00e2mara Municipal?", "datatype": "many", "required": false, "searched": false, "help_text": "", "filtered": false}}, {"pk": 39, "model": "diagnosticos.pergunta", "fields": {"categoria": 5, "sortable": false, "name": "de_que_forma_camara_resolve_duvidas_na_aplicaca", "title": " 12. De que forma a C\u00e2mara resolve d\u00favidas na aplica\u00e7\u00e3o da Lei Org\u00e2nica do Munic\u00edpio:", "datatype": "many", "required": false, "searched": false, "help_text": "", "filtered": false}}, {"pk": 41, "model": "diagnosticos.pergunta", "fields": {"categoria": 5, "sortable": false, "name": "os_vereadores_possuem_gabinetes_proprios_e_priv", "title": "15. Os vereadores possuem gabinetes pr\u00f3prios e privativos?", "datatype": "many", "required": false, "searched": false, "help_text": "", "filtered": false}}, {"pk": 23, "model": "diagnosticos.pergunta", "fields": {"categoria": 4, "sortable": false, "name": "camara_municipal_possui_portal_de_internet", "title": "10. A C\u00e2mara Municipal possui portal de internet?", "datatype": "many", "required": false, "searched": false, "help_text": "", "filtered": false}}, {"pk": 22, "model": "diagnosticos.pergunta", "fields": {"categoria": 4, "sortable": false, "name": "se_camara_faz_uso_de_outro_sistema_de_apoio_ao", "title": "09.1.2 Se a C\u00e2mara faz uso de outro sistema de apoio ao Processo Legislativo, especifique:", "datatype": "text", "required": false, "searched": false, "help_text": "", "filtered": false}}, {"pk": 21, "model": "diagnosticos.pergunta", "fields": {"categoria": 4, "sortable": false, "name": "se_sim_o_sistema_pode_ser_acessado_internet_por", "title": "09.1 O sistema pode ser acessado via internet por qualquer cidad\u00e3o?", "datatype": "many", "required": false, "searched": false, "help_text": "", "filtered": false}}, {"pk": 20, "model": "diagnosticos.pergunta", "fields": {"categoria": 4, "sortable": false, "name": "camara_utiliza_um_sistema_de_apoio_ao_processo_l", "title": "09. A C\u00e2mara utiliza um sistema de apoio ao Processo Legislativo?", "datatype": "many", "required": false, "searched": false, "help_text": "", "filtered": false}}, {"pk": 19, "model": "diagnosticos.pergunta", "fields": {"categoria": 4, "sortable": false, "name": "camara_municipal_possui_conexao_de_banda_larga_c", "title": "08. A C\u00e2mara Municipal possui conex\u00e3o de banda larga com a internet?", "datatype": "many", "required": false, "searched": false, "help_text": "", "filtered": false}}, {"pk": 18, "model": "diagnosticos.pergunta", "fields": {"categoria": 4, "sortable": false, "name": "quantos_tablets_possui_camara_municipal", "title": "07 Quantos tablet\u2019s possui a C\u00e2mara Municipal?", "datatype": "text", "required": false, "searched": false, "help_text": "", "filtered": false}}, {"pk": 17, "model": "diagnosticos.pergunta", "fields": {"categoria": 4, "sortable": false, "name": "quantos_netbooks_possui_camara_municipal", "title": "06 Quantos netbook\u2019s possui a C\u00e2mara Municipal?", "datatype": "text", "required": false, "searched": false, "help_text": "", "filtered": false}}, {"pk": 16, "model": "diagnosticos.pergunta", "fields": {"categoria": 4, "sortable": false, "name": "quantos_notebooks_possui_camara_municipal", "title": "05 Quantos notebook\u2019s possui a C\u00e2mara Municipal?", "datatype": "text", "required": false, "searched": false, "help_text": "", "filtered": false}}, {"pk": 14, "model": "diagnosticos.pergunta", "fields": {"categoria": 3, "sortable": false, "name": "quantos_servidores_de_rede_possui_camara_municip", "title": "03 Quantos servidores de rede possui a C\u00e2mara Municipal?", "datatype": "text", "required": false, "searched": false, "help_text": "", "filtered": false}}, {"pk": 15, "model": "diagnosticos.pergunta", "fields": {"categoria": 4, "sortable": false, "name": "quantas_estacoes_de_trabalho_computadores_possui", "title": "04 Quantas esta\u00e7\u00f5es de trabalho (computadores) possui a C\u00e2mara Municipal?", "datatype": "text", "required": false, "searched": false, "help_text": "", "filtered": false}}, {"pk": 2, "model": "diagnosticos.pergunta", "fields": {"categoria": 3, "sortable": false, "name": "sede_da_camara_municipal_e", "title": "01. A sede da C\u00e2mara Municipal \u00e9:", "datatype": "many", "required": false, "searched": false, "help_text": "", "filtered": false}}, {"pk": 3, "model": "diagnosticos.pergunta", "fields": {"categoria": 3, "sortable": false, "name": "se_sede_da_camara_municipal_e_cedida_especifiqu", "title": "01.1 Se a sede da C\u00e2mara Municipal \u00e9 cedida, especifique:", "datatype": "text", "required": false, "searched": false, "help_text": "", "filtered": false}}, {"pk": 5, "model": "diagnosticos.pergunta", "fields": {"categoria": 3, "sortable": false, "name": "3_existem_restricoes_obras_civis_no_imovel_onde_es", "title": " 03. Existem restri\u00e7\u00f5es a obras civis no im\u00f3vel onde est\u00e1 instalada a C\u00e2mara Municipal?", "datatype": "many", "required": false, "searched": false, "help_text": "", "filtered": false}}, {"pk": 9, "model": "diagnosticos.pergunta", "fields": {"categoria": 3, "sortable": false, "name": "se_sim_onde_sera_nova_sede_da_camara_municipal", "title": "04.1 Onde ser\u00e1 a nova sede da C\u00e2mara Municipal?", "datatype": "text", "required": false, "searched": false, "help_text": "", "filtered": false}}, {"pk": 10, "model": "diagnosticos.pergunta", "fields": {"categoria": 4, "sortable": false, "name": "camara_municipal_deseja_receber_consultoria_do_i", "title": "1. A C\u00e2mara Municipal deseja receber consultoria do Interlegis para a implanta\u00e7\u00e3o e/ou atualiza\u00e7\u00e3o d", "datatype": "many", "required": false, "searched": false, "help_text": "", "filtered": false}}, {"pk": 12, "model": "diagnosticos.pergunta", "fields": {"categoria": 4, "sortable": false, "name": "se_sim_escreva_um_exemplo_de_e_mail_corporativo", "title": "02.1 Escreva um exemplo de e-mail corporativo:", "datatype": "text", "required": false, "searched": false, "help_text": "", "filtered": false}}, {"pk": 13, "model": "diagnosticos.pergunta", "fields": {"categoria": 4, "sortable": false, "name": "se_nao_camara_municipal_deseja_receber_orientac", "title": "2.2 C\u00e2mara Municipal deseja receber orienta\u00e7\u00e3o do Interlegis para implantar e-mail corpora", "datatype": "many", "required": false, "searched": false, "help_text": "", "filtered": false}}, {"pk": 7, "model": "diagnosticos.pergunta", "fields": {"categoria": 3, "sortable": false, "name": "se_sim_especifique_quais_sao_restricoes_obras_c", "title": " 3.1 Especifique quais s\u00e3o as restri\u00e7\u00f5es a obras civis no im\u00f3vel onde est\u00e1 instalada a C\u00e2mar", "datatype": "text", "required": false, "searched": false, "help_text": "", "filtered": false}}, {"pk": 11, "model": "diagnosticos.pergunta", "fields": {"categoria": 4, "sortable": false, "name": "camara_municipal_disponibiliza_e_mail_corporativ", "title": "02. A C\u00e2mara Municipal disponibiliza e-mail CORPORATIVO, para parlamentares servidores?", "datatype": "many", "required": false, "searched": false, "help_text": "", "filtered": false}}, {"pk": 24, "model": "diagnosticos.pergunta", "fields": {"categoria": 4, "sortable": false, "name": "se_sim_qual_o_endereco_do_portal", "title": "10.1 Qual o endere\u00e7o do portal?", "datatype": "text", "required": false, "searched": false, "help_text": "", "filtered": false}}, {"pk": 25, "model": "diagnosticos.pergunta", "fields": {"categoria": 4, "sortable": false, "name": "camara_utiliza_um_sistema_de_apoio_atividade_pa", "title": "11. A C\u00e2mara utiliza um sistema de apoio \u00e0 Atividade Parlamentar?", "datatype": "many", "required": false, "searched": false, "help_text": "", "filtered": false}}, {"pk": 26, "model": "diagnosticos.pergunta", "fields": {"categoria": 4, "sortable": false, "name": "se_camara_faz_uso_de_outro_sistema_de_apoio_at", "title": "11.1. Se a C\u00e2mara faz uso de outro sistema de apoio \u00e0 Atividade Parlamentar, especifique:", "datatype": "text", "required": false, "searched": false, "help_text": "", "filtered": false}}, {"pk": 28, "model": "diagnosticos.pergunta", "fields": {"categoria": 5, "sortable": false, "name": "02_a_camara_municipal_possui_comissoes_permanentes", "title": "02. Quantas Comiss\u00f5es Permanentes a C\u00e2mara Municipal possui?", "datatype": "text", "required": false, "searched": false, "help_text": "", "filtered": false}}, {"pk": 29, "model": "diagnosticos.pergunta", "fields": {"categoria": 5, "sortable": false, "name": "se_possui_alguma_quais_sao_elas", "title": "02.1 Se possui alguma, quais s\u00e3o elas?", "datatype": "text", "required": false, "searched": false, "help_text": "", "filtered": false}}, {"pk": 44, "model": "diagnosticos.pergunta", "fields": {"categoria": 5, "sortable": false, "name": "se_sim_o_registro_de_tramitacao_e", "title": "04.1 O registro de tramita\u00e7\u00e3o \u00e9:", "datatype": "many", "required": false, "searched": false, "help_text": "", "filtered": false}}, {"pk": 43, "model": "diagnosticos.pergunta", "fields": {"categoria": 5, "sortable": false, "name": "se_sim_descreva_como_e_normatizado", "title": "16.1 Descreva como \u00e9 normatizado:", "datatype": "text", "required": false, "searched": false, "help_text": "", "filtered": false}}, {"pk": 49, "model": "diagnosticos.pergunta", "fields": {"categoria": 6, "sortable": false, "name": "quantas_pessoas_trabalham_na_area_de_comunicaca", "title": "02. Quantas pessoas trabalham na \u00e1rea de comunica\u00e7\u00e3o na C\u00e2mara Municipal? ", "datatype": "text", "required": false, "searched": false, "help_text": "", "filtered": false}}, {"pk": 50, "model": "diagnosticos.pergunta", "fields": {"categoria": 6, "sortable": false, "name": "das_pessoas_que_trabalham_exclusivamente_na_area", "title": "3. Das pessoas que trabalham EXCLUSIVAMENTE na \u00e1rea de Comunica\u00e7\u00e3o, quantas tem o n\u00edvel de escolarid", "datatype": "text", "required": false, "searched": false, "help_text": "", "filtered": false}}, {"pk": 51, "model": "diagnosticos.pergunta", "fields": {"categoria": 6, "sortable": false, "name": "4_das_pessoas_que_trabalham_exclusivamente_na_area", "title": "4. Das pessoas que trabalham EXCLUSIVAMENTE na \u00e1rea de Comunica\u00e7\u00e3o, quantas tem o n\u00edvel de escolarid", "datatype": "text", "required": false, "searched": false, "help_text": "", "filtered": false}}, {"pk": 52, "model": "diagnosticos.pergunta", "fields": {"categoria": 6, "sortable": false, "name": "das_pessoas_que_trabalham_exclusivamente_na_area", "title": "5. Das pessoas que trabalham EXCLUSIVAMENTE na \u00e1rea de Comunica\u00e7\u00e3o, quantas tem o n\u00edvel de escolarid", "datatype": "text", "required": false, "searched": false, "help_text": "", "filtered": false}}, {"pk": 53, "model": "diagnosticos.pergunta", "fields": {"categoria": 6, "sortable": false, "name": "quais_sao_os_meios_de_comunicacao_interna_da_cam", "title": "6. Quais s\u00e3o os meios de comunica\u00e7\u00e3o INTERNA da C\u00e2mara (comunica\u00e7\u00e3o com servidores e/ou vereadores)?", "datatype": "many", "required": false, "searched": false, "help_text": "", "filtered": false}}, {"pk": 54, "model": "diagnosticos.pergunta", "fields": {"categoria": 6, "sortable": false, "name": "especifique_quais_outros_meios_de_comunicacao_", "title": "06.1 Especifique quais outros meios de comunica\u00e7\u00e3o interna a C\u00e2mara utiliza:", "datatype": "text", "required": false, "searched": false, "help_text": "", "filtered": false}}, {"pk": 55, "model": "diagnosticos.pergunta", "fields": {"categoria": 6, "sortable": false, "name": "area_de_comunicacao_possui_caixa_postal_propria", "title": "07. A \u00e1rea de Comunica\u00e7\u00e3o possui caixa postal pr\u00f3pria para envio e recebimento de e-mails? ", "datatype": "many", "required": false, "searched": false, "help_text": "", "filtered": false}}, {"pk": 3, "model": "diagnosticos.escolha", "fields": {"schema": 2, "title": "Pr\u00f3pria."}}, {"pk": 4, "model": "diagnosticos.escolha", "fields": {"schema": 2, "title": "Alugada."}}, {"pk": 5, "model": "diagnosticos.escolha", "fields": {"schema": 2, "title": "Cedida por \u00f3rg\u00e3o P\u00fablico."}}, {"pk": 6, "model": "diagnosticos.escolha", "fields": {"schema": 2, "title": "Cedida por \u00f3rg\u00e3o Particular."}}, {"pk": 7, "model": "diagnosticos.escolha", "fields": {"schema": 4, "title": "Sim."}}, {"pk": 8, "model": "diagnosticos.escolha", "fields": {"schema": 4, "title": "N\u00e3o."}}, {"pk": 9, "model": "diagnosticos.escolha", "fields": {"schema": 5, "title": "Sim."}}, {"pk": 10, "model": "diagnosticos.escolha", "fields": {"schema": 5, "title": "N\u00e3o."}}, {"pk": 12, "model": "diagnosticos.escolha", "fields": {"schema": 8, "title": "Sim."}}, {"pk": 13, "model": "diagnosticos.escolha", "fields": {"schema": 8, "title": "N\u00e3o."}}, {"pk": 14, "model": "diagnosticos.escolha", "fields": {"schema": 10, "title": "Sim."}}, {"pk": 15, "model": "diagnosticos.escolha", "fields": {"schema": 10, "title": "N\u00e3o."}}, {"pk": 16, "model": "diagnosticos.escolha", "fields": {"schema": 11, "title": "Sim."}}, {"pk": 17, "model": "diagnosticos.escolha", "fields": {"schema": 11, "title": "N\u00e3o."}}, {"pk": 18, "model": "diagnosticos.escolha", "fields": {"schema": 13, "title": "Sim."}}, {"pk": 19, "model": "diagnosticos.escolha", "fields": {"schema": 13, "title": "N\u00e3o."}}, {"pk": 20, "model": "diagnosticos.escolha", "fields": {"schema": 19, "title": "Sim."}}, {"pk": 21, "model": "diagnosticos.escolha", "fields": {"schema": 19, "title": "N\u00e3o."}}, {"pk": 22, "model": "diagnosticos.escolha", "fields": {"schema": 20, "title": "Sim, utilizando o SAPL do Interlegis."}}, {"pk": 23, "model": "diagnosticos.escolha", "fields": {"schema": 20, "title": "Sim, utilizando outro sistema."}}, {"pk": 24, "model": "diagnosticos.escolha", "fields": {"schema": 20, "title": "N\u00e3o."}}, {"pk": 25, "model": "diagnosticos.escolha", "fields": {"schema": 21, "title": "Sim."}}, {"pk": 26, "model": "diagnosticos.escolha", "fields": {"schema": 21, "title": "N\u00e3o."}}, {"pk": 27, "model": "diagnosticos.escolha", "fields": {"schema": 23, "title": "Sim, utilizando o Portal Modelo do Interlegis."}}, {"pk": 28, "model": "diagnosticos.escolha", "fields": {"schema": 23, "title": "Sim, utilizando outra ferramenta."}}, {"pk": 29, "model": "diagnosticos.escolha", "fields": {"schema": 23, "title": "N\u00e3o."}}, {"pk": 30, "model": "diagnosticos.escolha", "fields": {"schema": 25, "title": "Sim, utilizando o SAAP do Interlegis."}}, {"pk": 31, "model": "diagnosticos.escolha", "fields": {"schema": 25, "title": "Sim, utilizando outro sistema."}}, {"pk": 32, "model": "diagnosticos.escolha", "fields": {"schema": 25, "title": "N\u00e3o."}}, {"pk": 33, "model": "diagnosticos.escolha", "fields": {"schema": 27, "title": "Protocolo Legislativo manual."}}, {"pk": 34, "model": "diagnosticos.escolha", "fields": {"schema": 27, "title": "Protocolo Legislativo informatizado."}}, {"pk": 35, "model": "diagnosticos.escolha", "fields": {"schema": 27, "title": "Secretaria-Geral da Mesa."}}, {"pk": 36, "model": "diagnosticos.escolha", "fields": {"schema": 27, "title": "Gabinete da Presid\u00eancia."}}, {"pk": 37, "model": "diagnosticos.escolha", "fields": {"schema": 27, "title": "Livro de expediente."}}, {"pk": 38, "model": "diagnosticos.escolha", "fields": {"schema": 27, "title": "Outro:"}}, {"pk": 39, "model": "diagnosticos.escolha", "fields": {"schema": 30, "title": "Constitucionalidade."}}, {"pk": 40, "model": "diagnosticos.escolha", "fields": {"schema": 30, "title": "Or\u00e7amento e Finan\u00e7as."}}, {"pk": 41, "model": "diagnosticos.escolha", "fields": {"schema": 30, "title": "Fiscaliza\u00e7\u00e3o."}}, {"pk": 42, "model": "diagnosticos.escolha", "fields": {"schema": 30, "title": "\u00c9tica."}}, {"pk": 43, "model": "diagnosticos.escolha", "fields": {"schema": 30, "title": "N\u00e3o possui."}}, {"pk": 46, "model": "diagnosticos.escolha", "fields": {"schema": 31, "title": "N\u00e3o."}}, {"pk": 50, "model": "diagnosticos.escolha", "fields": {"schema": 32, "title": "N\u00e3o."}}, {"pk": 51, "model": "diagnosticos.escolha", "fields": {"schema": 33, "title": "Sim."}}, {"pk": 52, "model": "diagnosticos.escolha", "fields": {"schema": 33, "title": "N\u00e3o."}}, {"pk": 56, "model": "diagnosticos.escolha", "fields": {"schema": 34, "title": "N\u00e3o."}}, {"pk": 57, "model": "diagnosticos.escolha", "fields": {"schema": 35, "title": "Sim."}}, {"pk": 58, "model": "diagnosticos.escolha", "fields": {"schema": 35, "title": "N\u00e3o."}}, {"pk": 59, "model": "diagnosticos.escolha", "fields": {"schema": 38, "title": "Decide internamente."}}, {"pk": 60, "model": "diagnosticos.escolha", "fields": {"schema": 38, "title": "Realiza consulta externa ou Recorre a \u00f3rg\u00e3o externo."}}, {"pk": 61, "model": "diagnosticos.escolha", "fields": {"schema": 39, "title": "Decide internamente."}}, {"pk": 62, "model": "diagnosticos.escolha", "fields": {"schema": 39, "title": "Realiza consulta externa ou Recorre a \u00f3rg\u00e3o externo."}}, {"pk": 66, "model": "diagnosticos.escolha", "fields": {"schema": 40, "title": "N\u00e3o."}}, {"pk": 67, "model": "diagnosticos.escolha", "fields": {"schema": 41, "title": "Sim."}}, {"pk": 68, "model": "diagnosticos.escolha", "fields": {"schema": 41, "title": "N\u00e3o."}}, {"pk": 69, "model": "diagnosticos.escolha", "fields": {"schema": 42, "title": "Sim."}}, {"pk": 70, "model": "diagnosticos.escolha", "fields": {"schema": 42, "title": "N\u00e3o."}}, {"pk": 44, "model": "diagnosticos.escolha", "fields": {"schema": 31, "title": "Sim."}}, {"pk": 71, "model": "diagnosticos.escolha", "fields": {"schema": 44, "title": "Manual."}}, {"pk": 72, "model": "diagnosticos.escolha", "fields": {"schema": 44, "title": "Informatizado."}}, {"pk": 47, "model": "diagnosticos.escolha", "fields": {"schema": 32, "title": "Sim."}}, {"pk": 73, "model": "diagnosticos.escolha", "fields": {"schema": 45, "title": "Manual."}}, {"pk": 74, "model": "diagnosticos.escolha", "fields": {"schema": 45, "title": "Informatizada."}}, {"pk": 75, "model": "diagnosticos.escolha", "fields": {"schema": 45, "title": "Inexistente."}}, {"pk": 53, "model": "diagnosticos.escolha", "fields": {"schema": 34, "title": "Sim."}}, {"pk": 76, "model": "diagnosticos.escolha", "fields": {"schema": 46, "title": "Manual."}}, {"pk": 77, "model": "diagnosticos.escolha", "fields": {"schema": 46, "title": "Informatizada."}}, {"pk": 78, "model": "diagnosticos.escolha", "fields": {"schema": 46, "title": "Inexistente."}}, {"pk": 63, "model": "diagnosticos.escolha", "fields": {"schema": 40, "title": "Sim."}}, {"pk": 79, "model": "diagnosticos.escolha", "fields": {"schema": 47, "title": "Sim."}}, {"pk": 80, "model": "diagnosticos.escolha", "fields": {"schema": 47, "title": "N\u00e3o."}}]
